<?xml version="1.0" encoding="UTF-8"?>
<beans xmlns="http://www.springframework.org/schema/beans"
       xmlns:xsi="http://www.w3.org/2001/XMLSchema-instance"
       xsi:schemaLocation="http://www.springframework.org/schema/beans http://www.springframework.org/schema/beans/spring-beans.xsd">

    <bean id="jedisPool" class="redis.clients.jedis.JedisPool">
        <constructor-arg name="poolConfig" ref="jedisPoolConfig"/>
        <constructor-arg name="host" value="127.0.0.1"/>
        <constructor-arg name="port" value="6379"/>
        <constructor-arg name="timeout" value="100000"/>
        <constructor-arg name="password" value="zy159357+"/>
    </bean>

    <bean id="jedisPoolConfig" class="redis.clients.jedis.JedisPoolConfig"/>
</beans>